CustomerID,Recency,Frequency,Monetary,Cluster,ClusterLabel,ChurnFlag_Tukey,ChurnFlag_Q3,ChurnFlag,ValueCategory,MarketingSegment,PCA1,PCA2,PCA3_1,PCA3_2,PCA3_3,GPR_Predicted_Monetary,GPR_Uncertainty
12501.0,336,1,2169.39,0,Churn Risk,Churned,Churned,Churned,High Value,At-Risk High Value,-1.2093618485584274,2.161648168539812,-1.2093618485584274,2.161648168539812,0.1467554493936653,-155.86957713631546,3888.880580442679
12967.0,357,2,1660.9,0,Churn Risk,Churned,Churned,Churned,High Value,At-Risk High Value,-1.2373604483850216,2.345913136963963,-1.2373604483850216,2.345913136963963,0.31834348286144876,773.7758701725177,4225.935471618419
15332.0,365,4,1661.06,0,Churn Risk,Churned,Churned,Churned,High Value,At-Risk High Value,-1.0923719234374938,2.4525655858711053,-1.0923719234374938,2.4525655858711053,0.522105378204743,1658.5829380521136,5320.616667426708
16754.0,371,1,2002.4,0,Churn Risk,Churned,Churned,Churned,High Value,At-Risk High Value,-1.3543723089578177,2.4708572844872747,-1.3543723089578177,2.4708572844872747,0.22549997503785615,262.58092899654025,3806.5091585045093
17406.0,332,3,2184.42,0,Churn Risk,Churned,Churned,Churned,High Value,At-Risk High Value,-1.0176358923800004,2.160377525607561,-1.0176358923800004,2.160377525607561,0.3266385288486947,1381.34006043046,4633.31415820909
17850.0,371,34,5391.21,0,Churn Risk,Churned,Churned,Churned,High Value,At-Risk High Value,1.778664705758043,3.188582294287067,1.778664705758043,3.188582294287067,3.0877311157909912,5374.8643957952745,5321.753704461106
