k,Inertia,Silhouette
2,9014.566279572979,0.8958249711727472
3,5441.323586829656,0.5942233320872992
4,4096.3002106622425,0.6162275299061803
5,3119.7898598001466,0.6165002474679847
6,2473.793363564766,0.5982885618366588
7,2023.5866272235476,0.516531562964477
8,1717.0110430839168,0.4858735340682143
9,1468.7871021842975,0.4784383467130572
10,1281.0480511013272,0.4792443643654188
