MarketingSegment,CustomerCount,AvgRecency,AvgFrequency,AvgMonetary,TotalMonetary
Champions,1079,33.75996292863763,10.443002780352177,6508.361446709917,7022522.001
Loyal Regulars,2117,84.1738308927728,2.735002361832782,770.8359768540388,1631859.763
New / Occasional,987,128.72644376899697,1.2847011144883485,178.77444782168186,176450.38
At-Risk Regulars,51,355.27450980392155,1.1568627450980393,482.18372549019614,24591.370000000003
Lost Customers,98,358.7551020408163,1.0408163265306123,170.57142857142858,16716.0
At-Risk High Value,6,355.3333333333333,7.5,2511.5633333333335,15069.380000000001
